chr17	HAVANA	transcript	7571720	7590856	.	-	.	gene_id "ENSG00000141510"; transcript_id "ENST00000269305"; gene_type "protein_coding"; gene_status "KNOWN"; gene_name "TP53"; transcript_type "protein_coding"; transcript_status "KNOWN"; transcript_name "TP53-001"; level 2; tag "CCDS"; ccdsid "CCDS11118.1"; havana_gene "OTTHUMG00000162125"; havana_transcript "OTTHUMT00000367397";
chr17	HAVANA	exon	7590695	7590856	.	-	.	gene_id "ENSG00000141510"; transcript_id "ENST00000269305"; gene_type "protein_coding"; gene_status "KNOWN"; gene_name "TP53"; transcript_type "protein_coding"; transcript_status "KNOWN"; transcript_name "TP53-001"; level 2; tag "CCDS"; ccdsid "CCDS11118.1"; havana_gene "OTTHUMG00000162125"; havana_transcript "OTTHUMT00000367397";
chr17	HAVANA	exon	7579839	7579940	.	-	.	gene_id "ENSG00000141510"; transcript_id "ENST00000269305"; gene_type "protein_coding"; gene_status "KNOWN"; gene_name "TP53"; transcript_type "protein_coding"; transcript_status "KNOWN"; transcript_name "TP53-001"; level 2; tag "CCDS"; ccdsid "CCDS11118.1"; havana_gene "OTTHUMG00000162125"; havana_transcript "OTTHUMT00000367397";
chr17	HAVANA	CDS	7579839	7579912	.	-	0	gene_id "ENSG00000141510"; transcript_id "ENST00000269305"; gene_type "protein_coding"; gene_status "KNOWN"; gene_name "TP53"; transcript_type "protein_coding"; transcript_status "KNOWN"; transcript_name "TP53-001"; level 2; tag "CCDS"; ccdsid "CCDS11118.1"; havana_gene "OTTHUMG00000162125"; havana_transcript "OTTHUMT00000367397";
chr17	HAVANA	start_codon	7579910	7579912	.	-	0	gene_id "ENSG00000141510"; transcript_id "ENST00000269305"; gene_type "protein_coding"; gene_status "KNOWN"; gene_name "TP53"; transcript_type "protein_coding"; transcript_status "KNOWN"; transcript_name "TP53-001"; level 2; tag "CCDS"; ccdsid "CCDS11118.1"; havana_gene "OTTHUMG00000162125"; havana_transcript "OTTHUMT00000367397";
chr17	HAVANA	exon	7579700	7579721	.	-	.	gene_id "ENSG00000141510"; transcript_id "ENST00000269305"; gene_type "protein_coding"; gene_status "KNOWN"; gene_name "TP53"; transcript_type "protein_coding"; transcript_status "KNOWN"; transcript_name "TP53-001"; level 2; tag "CCDS"; ccdsid "CCDS11118.1"; havana_gene "OTTHUMG00000162125"; havana_transcript "OTTHUMT00000367397";
chr17	HAVANA	CDS	7579700	7579721	.	-	1	gene_id "ENSG00000141510"; transcript_id "ENST00000269305"; gene_type "protein_coding"; gene_status "KNOWN"; gene_name "TP53"; transcript_type "protein_coding"; transcript_status "KNOWN"; transcript_name "TP53-001"; level 2; tag "CCDS"; ccdsid "CCDS11118.1"; havana_gene "OTTHUMG00000162125"; havana_transcript "OTTHUMT00000367397";
chr17	HAVANA	exon	7579312	7579590	.	-	.	gene_id "ENSG00000141510"; transcript_id "ENST00000269305"; gene_type "protein_coding"; gene_status "KNOWN"; gene_name "TP53"; transcript_type "protein_coding"; transcript_status "KNOWN"; transcript_name "TP53-001"; level 2; tag "CCDS"; ccdsid "CCDS11118.1"; havana_gene "OTTHUMG00000162125"; havana_transcript "OTTHUMT00000367397";
chr17	HAVANA	CDS	7579312	7579590	.	-	0	gene_id "ENSG00000141510"; transcript_id "ENST00000269305"; gene_type "protein_coding"; gene_status "KNOWN"; gene_name "TP53"; transcript_type "protein_coding"; transcript_status "KNOWN"; transcript_name "TP53-001"; level 2; tag "CCDS"; ccdsid "CCDS11118.1"; havana_gene "OTTHUMG00000162125"; havana_transcript "OTTHUMT00000367397";
chr17	HAVANA	exon	7578371	7578554	.	-	.	gene_id "ENSG00000141510"; transcript_id "ENST00000269305"; gene_type "protein_coding"; gene_status "KNOWN"; gene_name "TP53"; transcript_type "protein_coding"; transcript_status "KNOWN"; transcript_name "TP53-001"; level 2; tag "CCDS"; ccdsid "CCDS11118.1"; havana_gene "OTTHUMG00000162125"; havana_transcript "OTTHUMT00000367397";
chr17	HAVANA	CDS	7578371	7578554	.	-	0	gene_id "ENSG00000141510"; transcript_id "ENST00000269305"; gene_type "protein_coding"; gene_status "KNOWN"; gene_name "TP53"; transcript_type "protein_coding"; transcript_status "KNOWN"; transcript_name "TP53-001"; level 2; tag "CCDS"; ccdsid "CCDS11118.1"; havana_gene "OTTHUMG00000162125"; havana_transcript "OTTHUMT00000367397";
chr17	HAVANA	exon	7578177	7578289	.	-	.	gene_id "ENSG00000141510"; transcript_id "ENST00000269305"; gene_type "protein_coding"; gene_status "KNOWN"; gene_name "TP53"; transcript_type "protein_coding"; transcript_status "KNOWN"; transcript_name "TP53-001"; level 2; tag "CCDS"; ccdsid "CCDS11118.1"; havana_gene "OTTHUMG00000162125"; havana_transcript "OTTHUMT00000367397";
chr17	HAVANA	CDS	7578177	7578289	.	-	2	gene_id "ENSG00000141510"; transcript_id "ENST00000269305"; gene_type "protein_coding"; gene_status "KNOWN"; gene_name "TP53"; transcript_type "protein_coding"; transcript_status "KNOWN"; transcript_name "TP53-001"; level 2; tag "CCDS"; ccdsid "CCDS11118.1"; havana_gene "OTTHUMG00000162125"; havana_transcript "OTTHUMT00000367397";
chr17	HAVANA	exon	7577499	7577608	.	-	.	gene_id "ENSG00000141510"; transcript_id "ENST00000269305"; gene_type "protein_coding"; gene_status "KNOWN"; gene_name "TP53"; transcript_type "protein_coding"; transcript_status "KNOWN"; transcript_name "TP53-001"; level 2; tag "CCDS"; ccdsid "CCDS11118.1"; havana_gene "OTTHUMG00000162125"; havana_transcript "OTTHUMT00000367397";
chr17	HAVANA	CDS	7577499	7577608	.	-	0	gene_id "ENSG00000141510"; transcript_id "ENST00000269305"; gene_type "protein_coding"; gene_status "KNOWN"; gene_name "TP53"; transcript_type "protein_coding"; transcript_status "KNOWN"; transcript_name "TP53-001"; level 2; tag "CCDS"; ccdsid "CCDS11118.1"; havana_gene "OTTHUMG00000162125"; havana_transcript "OTTHUMT00000367397";
chr17	HAVANA	exon	7577019	7577155	.	-	.	gene_id "ENSG00000141510"; transcript_id "ENST00000269305"; gene_type "protein_coding"; gene_status "KNOWN"; gene_name "TP53"; transcript_type "protein_coding"; transcript_status "KNOWN"; transcript_name "TP53-001"; level 2; tag "CCDS"; ccdsid "CCDS11118.1"; havana_gene "OTTHUMG00000162125"; havana_transcript "OTTHUMT00000367397";
chr17	HAVANA	CDS	7577019	7577155	.	-	1	gene_id "ENSG00000141510"; transcript_id "ENST00000269305"; gene_type "protein_coding"; gene_status "KNOWN"; gene_name "TP53"; transcript_type "protein_coding"; transcript_status "KNOWN"; transcript_name "TP53-001"; level 2; tag "CCDS"; ccdsid "CCDS11118.1"; havana_gene "OTTHUMG00000162125"; havana_transcript "OTTHUMT00000367397";
chr17	HAVANA	exon	7576853	7576926	.	-	.	gene_id "ENSG00000141510"; transcript_id "ENST00000269305"; gene_type "protein_coding"; gene_status "KNOWN"; gene_name "TP53"; transcript_type "protein_coding"; transcript_status "KNOWN"; transcript_name "TP53-001"; level 2; tag "CCDS"; ccdsid "CCDS11118.1"; havana_gene "OTTHUMG00000162125"; havana_transcript "OTTHUMT00000367397";
chr17	HAVANA	CDS	7576853	7576926	.	-	2	gene_id "ENSG00000141510"; transcript_id "ENST00000269305"; gene_type "protein_coding"; gene_status "KNOWN"; gene_name "TP53"; transcript_type "protein_coding"; transcript_status "KNOWN"; transcript_name "TP53-001"; level 2; tag "CCDS"; ccdsid "CCDS11118.1"; havana_gene "OTTHUMG00000162125"; havana_transcript "OTTHUMT00000367397";
chr17	HAVANA	exon	7573927	7574033	.	-	.	gene_id "ENSG00000141510"; transcript_id "ENST00000269305"; gene_type "protein_coding"; gene_status "KNOWN"; gene_name "TP53"; transcript_type "protein_coding"; transcript_status "KNOWN"; transcript_name "TP53-001"; level 2; tag "CCDS"; ccdsid "CCDS11118.1"; havana_gene "OTTHUMG00000162125"; havana_transcript "OTTHUMT00000367397";
chr17	HAVANA	CDS	7573927	7574033	.	-	0	gene_id "ENSG00000141510"; transcript_id "ENST00000269305"; gene_type "protein_coding"; gene_status "KNOWN"; gene_name "TP53"; transcript_type "protein_coding"; transcript_status "KNOWN"; transcript_name "TP53-001"; level 2; tag "CCDS"; ccdsid "CCDS11118.1"; havana_gene "OTTHUMG00000162125"; havana_transcript "OTTHUMT00000367397";
chr17	HAVANA	exon	7571720	7573008	.	-	.	gene_id "ENSG00000141510"; transcript_id "ENST00000269305"; gene_type "protein_coding"; gene_status "KNOWN"; gene_name "TP53"; transcript_type "protein_coding"; transcript_status "KNOWN"; transcript_name "TP53-001"; level 2; tag "CCDS"; ccdsid "CCDS11118.1"; havana_gene "OTTHUMG00000162125"; havana_transcript "OTTHUMT00000367397";
chr17	HAVANA	CDS	7572930	7573008	.	-	1	gene_id "ENSG00000141510"; transcript_id "ENST00000269305"; gene_type "protein_coding"; gene_status "KNOWN"; gene_name "TP53"; transcript_type "protein_coding"; transcript_status "KNOWN"; transcript_name "TP53-001"; level 2; tag "CCDS"; ccdsid "CCDS11118.1"; havana_gene "OTTHUMG00000162125"; havana_transcript "OTTHUMT00000367397";
chr17	HAVANA	stop_codon	7572927	7572929	.	-	0	gene_id "ENSG00000141510"; transcript_id "ENST00000269305"; gene_type "protein_coding"; gene_status "KNOWN"; gene_name "TP53"; transcript_type "protein_coding"; transcript_status "KNOWN"; transcript_name "TP53-001"; level 2; tag "CCDS"; ccdsid "CCDS11118.1"; havana_gene "OTTHUMG00000162125"; havana_transcript "OTTHUMT00000367397";
chr17	HAVANA	UTR	7590695	7590856	.	-	.	gene_id "ENSG00000141510"; transcript_id "ENST00000269305"; gene_type "protein_coding"; gene_status "KNOWN"; gene_name "TP53"; transcript_type "protein_coding"; transcript_status "KNOWN"; transcript_name "TP53-001"; level 2; tag "CCDS"; ccdsid "CCDS11118.1"; havana_gene "OTTHUMG00000162125"; havana_transcript "OTTHUMT00000367397";
chr17	HAVANA	UTR	7579913	7579940	.	-	.	gene_id "ENSG00000141510"; transcript_id "ENST00000269305"; gene_type "protein_coding"; gene_status "KNOWN"; gene_name "TP53"; transcript_type "protein_coding"; transcript_status "KNOWN"; transcript_name "TP53-001"; level 2; tag "CCDS"; ccdsid "CCDS11118.1"; havana_gene "OTTHUMG00000162125"; havana_transcript "OTTHUMT00000367397";
chr17	HAVANA	UTR	7571720	7572929	.	-	.	gene_id "ENSG00000141510"; transcript_id "ENST00000269305"; gene_type "protein_coding"; gene_status "KNOWN"; gene_name "TP53"; transcript_type "protein_coding"; transcript_status "KNOWN"; transcript_name "TP53-001"; level 2; tag "CCDS"; ccdsid "CCDS11118.1"; havana_gene "OTTHUMG00000162125"; havana_transcript "OTTHUMT00000367397";
chr17	HAVANA	transcript	7571720	7578811	.	-	.	gene_id "ENSG00000141510"; transcript_id "ENST00000504290"; gene_type "protein_coding"; gene_status "KNOWN"; gene_name "TP53"; transcript_type "retained_intron"; transcript_status "KNOWN"; transcript_name "TP53-006"; level 2; havana_gene "OTTHUMG00000162125"; havana_transcript "OTTHUMT00000367402";
chr17	HAVANA	exon	7578371	7578811	.	-	.	gene_id "ENSG00000141510"; transcript_id "ENST00000504290"; gene_type "protein_coding"; gene_status "KNOWN"; gene_name "TP53"; transcript_type "retained_intron"; transcript_status "KNOWN"; transcript_name "TP53-006"; level 2; havana_gene "OTTHUMG00000162125"; havana_transcript "OTTHUMT00000367402";
chr17	HAVANA	exon	7578177	7578289	.	-	.	gene_id "ENSG00000141510"; transcript_id "ENST00000504290"; gene_type "protein_coding"; gene_status "KNOWN"; gene_name "TP53"; transcript_type "retained_intron"; transcript_status "KNOWN"; transcript_name "TP53-006"; level 2; havana_gene "OTTHUMG00000162125"; havana_transcript "OTTHUMT00000367402";
chr17	HAVANA	exon	7577499	7577608	.	-	.	gene_id "ENSG00000141510"; transcript_id "ENST00000504290"; gene_type "protein_coding"; gene_status "KNOWN"; gene_name "TP53"; transcript_type "retained_intron"; transcript_status "KNOWN"; transcript_name "TP53-006"; level 2; havana_gene "OTTHUMG00000162125"; havana_transcript "OTTHUMT00000367402";
chr17	HAVANA	exon	7577019	7577155	.	-	.	gene_id "ENSG00000141510"; transcript_id "ENST00000504290"; gene_type "protein_coding"; gene_status "KNOWN"; gene_name "TP53"; transcript_type "retained_intron"; transcript_status "KNOWN"; transcript_name "TP53-006"; level 2; havana_gene "OTTHUMG00000162125"; havana_transcript "OTTHUMT00000367402";
chr17	HAVANA	exon	7576853	7576926	.	-	.	gene_id "ENSG00000141510"; transcript_id "ENST00000504290"; gene_type "protein_coding"; gene_status "KNOWN"; gene_name "TP53"; transcript_type "retained_intron"; transcript_status "KNOWN"; transcript_name "TP53-006"; level 2; havana_gene "OTTHUMG00000162125"; havana_transcript "OTTHUMT00000367402";
chr17	HAVANA	exon	7576525	7576584	.	-	.	gene_id "ENSG00000141510"; transcript_id "ENST00000504290"; gene_type "protein_coding"; gene_status "KNOWN"; gene_name "TP53"; transcript_type "retained_intron"; transcript_status "KNOWN"; transcript_name "TP53-006"; level 2; havana_gene "OTTHUMG00000162125"; havana_transcript "OTTHUMT00000367402";
chr17	HAVANA	exon	7573927	7574033	.	-	.	gene_id "ENSG00000141510"; transcript_id "ENST00000504290"; gene_type "protein_coding"; gene_status "KNOWN"; gene_name "TP53"; transcript_type "retained_intron"; transcript_status "KNOWN"; transcript_name "TP53-006"; level 2; havana_gene "OTTHUMG00000162125"; havana_transcript "OTTHUMT00000367402";
chr17	HAVANA	exon	7571720	7573008	.	-	.	gene_id "ENSG00000141510"; transcript_id "ENST00000504290"; gene_type "protein_coding"; gene_status "KNOWN"; gene_name "TP53"; transcript_type "retained_intron"; transcript_status "KNOWN"; transcript_name "TP53-006"; level 2; havana_gene "OTTHUMG00000162125"; havana_transcript "OTTHUMT00000367402";
chr17	HAVANA	transcript	7571720	7578811	.	-	.	gene_id "ENSG00000141510"; transcript_id "ENST00000510385"; gene_type "protein_coding"; gene_status "KNOWN"; gene_name "TP53"; transcript_type "retained_intron"; transcript_status "KNOWN"; transcript_name "TP53-007"; level 2; havana_gene "OTTHUMG00000162125"; havana_transcript "OTTHUMT00000367403";
chr17	HAVANA	exon	7578371	7578811	.	-	.	gene_id "ENSG00000141510"; transcript_id "ENST00000510385"; gene_type "protein_coding"; gene_status "KNOWN"; gene_name "TP53"; transcript_type "retained_intron"; transcript_status "KNOWN"; transcript_name "TP53-007"; level 2; havana_gene "OTTHUMG00000162125"; havana_transcript "OTTHUMT00000367403";
chr17	HAVANA	exon	7578177	7578289	.	-	.	gene_id "ENSG00000141510"; transcript_id "ENST00000510385"; gene_type "protein_coding"; gene_status "KNOWN"; gene_name "TP53"; transcript_type "retained_intron"; transcript_status "KNOWN"; transcript_name "TP53-007"; level 2; havana_gene "OTTHUMG00000162125"; havana_transcript "OTTHUMT00000367403";
chr17	HAVANA	exon	7577499	7577608	.	-	.	gene_id "ENSG00000141510"; transcript_id "ENST00000510385"; gene_type "protein_coding"; gene_status "KNOWN"; gene_name "TP53"; transcript_type "retained_intron"; transcript_status "KNOWN"; transcript_name "TP53-007"; level 2; havana_gene "OTTHUMG00000162125"; havana_transcript "OTTHUMT00000367403";
chr17	HAVANA	exon	7577019	7577155	.	-	.	gene_id "ENSG00000141510"; transcript_id "ENST00000510385"; gene_type "protein_coding"; gene_status "KNOWN"; gene_name "TP53"; transcript_type "retained_intron"; transcript_status "KNOWN"; transcript_name "TP53-007"; level 2; havana_gene "OTTHUMG00000162125"; havana_transcript "OTTHUMT00000367403";
chr17	HAVANA	exon	7576853	7576926	.	-	.	gene_id "ENSG00000141510"; transcript_id "ENST00000510385"; gene_type "protein_coding"; gene_status "KNOWN"; gene_name "TP53"; transcript_type "retained_intron"; transcript_status "KNOWN"; transcript_name "TP53-007"; level 2; havana_gene "OTTHUMG00000162125"; havana_transcript "OTTHUMT00000367403";
chr17	HAVANA	exon	7576525	7576657	.	-	.	gene_id "ENSG00000141510"; transcript_id "ENST00000510385"; gene_type "protein_coding"; gene_status "KNOWN"; gene_name "TP53"; transcript_type "retained_intron"; transcript_status "KNOWN"; transcript_name "TP53-007"; level 2; havana_gene "OTTHUMG00000162125"; havana_transcript "OTTHUMT00000367403";
chr17	HAVANA	exon	7573927	7574033	.	-	.	gene_id "ENSG00000141510"; transcript_id "ENST00000510385"; gene_type "protein_coding"; gene_status "KNOWN"; gene_name "TP53"; transcript_type "retained_intron"; transcript_status "KNOWN"; transcript_name "TP53-007"; level 2; havana_gene "OTTHUMG00000162125"; havana_transcript "OTTHUMT00000367403";
chr17	HAVANA	exon	7571720	7573008	.	-	.	gene_id "ENSG00000141510"; transcript_id "ENST00000510385"; gene_type "protein_coding"; gene_status "KNOWN"; gene_name "TP53"; transcript_type "retained_intron"; transcript_status "KNOWN"; transcript_name "TP53-007"; level 2; havana_gene "OTTHUMG00000162125"; havana_transcript "OTTHUMT00000367403";
chr17	HAVANA	transcript	7571720	7578811	.	-	.	gene_id "ENSG00000141510"; transcript_id "ENST00000504937"; gene_type "protein_coding"; gene_status "KNOWN"; gene_name "TP53"; transcript_type "retained_intron"; transcript_status "KNOWN"; transcript_name "TP53-008"; level 2; havana_gene "OTTHUMG00000162125"; havana_transcript "OTTHUMT00000367404";
chr17	HAVANA	exon	7578371	7578811	.	-	.	gene_id "ENSG00000141510"; transcript_id "ENST00000504937"; gene_type "protein_coding"; gene_status "KNOWN"; gene_name "TP53"; transcript_type "retained_intron"; transcript_status "KNOWN"; transcript_name "TP53-008"; level 2; havana_gene "OTTHUMG00000162125"; havana_transcript "OTTHUMT00000367404";
chr17	HAVANA	exon	7578177	7578289	.	-	.	gene_id "ENSG00000141510"; transcript_id "ENST00000504937"; gene_type "protein_coding"; gene_status "KNOWN"; gene_name "TP53"; transcript_type "retained_intron"; transcript_status "KNOWN"; transcript_name "TP53-008"; level 2; havana_gene "OTTHUMG00000162125"; havana_transcript "OTTHUMT00000367404";
chr17	HAVANA	exon	7577499	7577608	.	-	.	gene_id "ENSG00000141510"; transcript_id "ENST00000504937"; gene_type "protein_coding"; gene_status "KNOWN"; gene_name "TP53"; transcript_type "retained_intron"; transcript_status "KNOWN"; transcript_name "TP53-008"; level 2; havana_gene "OTTHUMG00000162125"; havana_transcript "OTTHUMT00000367404";
chr17	HAVANA	exon	7577019	7577155	.	-	.	gene_id "ENSG00000141510"; transcript_id "ENST00000504937"; gene_type "protein_coding"; gene_status "KNOWN"; gene_name "TP53"; transcript_type "retained_intron"; transcript_status "KNOWN"; transcript_name "TP53-008"; level 2; havana_gene "OTTHUMG00000162125"; havana_transcript "OTTHUMT00000367404";
chr17	HAVANA	exon	7576853	7576926	.	-	.	gene_id "ENSG00000141510"; transcript_id "ENST00000504937"; gene_type "protein_coding"; gene_status "KNOWN"; gene_name "TP53"; transcript_type "retained_intron"; transcript_status "KNOWN"; transcript_name "TP53-008"; level 2; havana_gene "OTTHUMG00000162125"; havana_transcript "OTTHUMT00000367404";
chr17	HAVANA	exon	7573927	7574033	.	-	.	gene_id "ENSG00000141510"; transcript_id "ENST00000504937"; gene_type "protein_coding"; gene_status "KNOWN"; gene_name "TP53"; transcript_type "retained_intron"; transcript_status "KNOWN"; transcript_name "TP53-008"; level 2; havana_gene "OTTHUMG00000162125"; havana_transcript "OTTHUMT00000367404";
chr17	HAVANA	exon	7571720	7573008	.	-	.	gene_id "ENSG00000141510"; transcript_id "ENST00000504937"; gene_type "protein_coding"; gene_status "KNOWN"; gene_name "TP53"; transcript_type "retained_intron"; transcript_status "KNOWN"; transcript_name "TP53-008"; level 2; havana_gene "OTTHUMG00000162125"; havana_transcript "OTTHUMT00000367404";
chr17	HAVANA	transcript	7571722	7590799	.	-	.	gene_id "ENSG00000141510"; transcript_id "ENST00000455263"; gene_type "protein_coding"; gene_status "KNOWN"; gene_name "TP53"; transcript_type "nonsense_mediated_decay"; transcript_status "KNOWN"; transcript_name "TP53-004"; level 2; tag "CCDS"; ccdsid "CCDS45605.1"; havana_gene "OTTHUMG00000162125"; havana_transcript "OTTHUMT00000367400";
chr17	HAVANA	exon	7590695	7590799	.	-	.	gene_id "ENSG00000141510"; transcript_id "ENST00000455263"; gene_type "protein_coding"; gene_status "KNOWN"; gene_name "TP53"; transcript_type "nonsense_mediated_decay"; transcript_status "KNOWN"; transcript_name "TP53-004"; level 2; tag "CCDS"; ccdsid "CCDS45605.1"; havana_gene "OTTHUMG00000162125"; havana_transcript "OTTHUMT00000367400";
chr17	HAVANA	exon	7579839	7579940	.	-	.	gene_id "ENSG00000141510"; transcript_id "ENST00000455263"; gene_type "protein_coding"; gene_status "KNOWN"; gene_name "TP53"; transcript_type "nonsense_mediated_decay"; transcript_status "KNOWN"; transcript_name "TP53-004"; level 2; tag "CCDS"; ccdsid "CCDS45605.1"; havana_gene "OTTHUMG00000162125"; havana_transcript "OTTHUMT00000367400";
chr17	HAVANA	CDS	7579839	7579912	.	-	0	gene_id "ENSG00000141510"; transcript_id "ENST00000455263"; gene_type "protein_coding"; gene_status "KNOWN"; gene_name "TP53"; transcript_type "nonsense_mediated_decay"; transcript_status "KNOWN"; transcript_name "TP53-004"; level 2; tag "CCDS"; ccdsid "CCDS45605.1"; havana_gene "OTTHUMG00000162125"; havana_transcript "OTTHUMT00000367400";
chr17	HAVANA	start_codon	7579910	7579912	.	-	0	gene_id "ENSG00000141510"; transcript_id "ENST00000455263"; gene_type "protein_coding"; gene_status "KNOWN"; gene_name "TP53"; transcript_type "nonsense_mediated_decay"; transcript_status "KNOWN"; transcript_name "TP53-004"; level 2; tag "CCDS"; ccdsid "CCDS45605.1"; havana_gene "OTTHUMG00000162125"; havana_transcript "OTTHUMT00000367400";
chr17	HAVANA	exon	7579700	7579721	.	-	.	gene_id "ENSG00000141510"; transcript_id "ENST00000455263"; gene_type "protein_coding"; gene_status "KNOWN"; gene_name "TP53"; transcript_type "nonsense_mediated_decay"; transcript_status "KNOWN"; transcript_name "TP53-004"; level 2; tag "CCDS"; ccdsid "CCDS45605.1"; havana_gene "OTTHUMG00000162125"; havana_transcript "OTTHUMT00000367400";
chr17	HAVANA	CDS	7579700	7579721	.	-	1	gene_id "ENSG00000141510"; transcript_id "ENST00000455263"; gene_type "protein_coding"; gene_status "KNOWN"; gene_name "TP53"; transcript_type "nonsense_mediated_decay"; transcript_status "KNOWN"; transcript_name "TP53-004"; level 2; tag "CCDS"; ccdsid "CCDS45605.1"; havana_gene "OTTHUMG00000162125"; havana_transcript "OTTHUMT00000367400";
chr17	HAVANA	exon	7579312	7579590	.	-	.	gene_id "ENSG00000141510"; transcript_id "ENST00000455263"; gene_type "protein_coding"; gene_status "KNOWN"; gene_name "TP53"; transcript_type "nonsense_mediated_decay"; transcript_status "KNOWN"; transcript_name "TP53-004"; level 2; tag "CCDS"; ccdsid "CCDS45605.1"; havana_gene "OTTHUMG00000162125"; havana_transcript "OTTHUMT00000367400";
chr17	HAVANA	CDS	7579312	7579590	.	-	0	gene_id "ENSG00000141510"; transcript_id "ENST00000455263"; gene_type "protein_coding"; gene_status "KNOWN"; gene_name "TP53"; transcript_type "nonsense_mediated_decay"; transcript_status "KNOWN"; transcript_name "TP53-004"; level 2; tag "CCDS"; ccdsid "CCDS45605.1"; havana_gene "OTTHUMG00000162125"; havana_transcript "OTTHUMT00000367400";
chr17	HAVANA	exon	7578371	7578554	.	-	.	gene_id "ENSG00000141510"; transcript_id "ENST00000455263"; gene_type "protein_coding"; gene_status "KNOWN"; gene_name "TP53"; transcript_type "nonsense_mediated_decay"; transcript_status "KNOWN"; transcript_name "TP53-004"; level 2; tag "CCDS"; ccdsid "CCDS45605.1"; havana_gene "OTTHUMG00000162125"; havana_transcript "OTTHUMT00000367400";
chr17	HAVANA	CDS	7578371	7578554	.	-	0	gene_id "ENSG00000141510"; transcript_id "ENST00000455263"; gene_type "protein_coding"; gene_status "KNOWN"; gene_name "TP53"; transcript_type "nonsense_mediated_decay"; transcript_status "KNOWN"; transcript_name "TP53-004"; level 2; tag "CCDS"; ccdsid "CCDS45605.1"; havana_gene "OTTHUMG00000162125"; havana_transcript "OTTHUMT00000367400";
chr17	HAVANA	exon	7578177	7578289	.	-	.	gene_id "ENSG00000141510"; transcript_id "ENST00000455263"; gene_type "protein_coding"; gene_status "KNOWN"; gene_name "TP53"; transcript_type "nonsense_mediated_decay"; transcript_status "KNOWN"; transcript_name "TP53-004"; level 2; tag "CCDS"; ccdsid "CCDS45605.1"; havana_gene "OTTHUMG00000162125"; havana_transcript "OTTHUMT00000367400";
chr17	HAVANA	CDS	7578177	7578289	.	-	2	gene_id "ENSG00000141510"; transcript_id "ENST00000455263"; gene_type "protein_coding"; gene_status "KNOWN"; gene_name "TP53"; transcript_type "nonsense_mediated_decay"; transcript_status "KNOWN"; transcript_name "TP53-004"; level 2; tag "CCDS"; ccdsid "CCDS45605.1"; havana_gene "OTTHUMG00000162125"; havana_transcript "OTTHUMT00000367400";
chr17	HAVANA	exon	7577499	7577608	.	-	.	gene_id "ENSG00000141510"; transcript_id "ENST00000455263"; gene_type "protein_coding"; gene_status "KNOWN"; gene_name "TP53"; transcript_type "nonsense_mediated_decay"; transcript_status "KNOWN"; transcript_name "TP53-004"; level 2; tag "CCDS"; ccdsid "CCDS45605.1"; havana_gene "OTTHUMG00000162125"; havana_transcript "OTTHUMT00000367400";
chr17	HAVANA	CDS	7577499	7577608	.	-	0	gene_id "ENSG00000141510"; transcript_id "ENST00000455263"; gene_type "protein_coding"; gene_status "KNOWN"; gene_name "TP53"; transcript_type "nonsense_mediated_decay"; transcript_status "KNOWN"; transcript_name "TP53-004"; level 2; tag "CCDS"; ccdsid "CCDS45605.1"; havana_gene "OTTHUMG00000162125"; havana_transcript "OTTHUMT00000367400";
chr17	HAVANA	exon	7577019	7577155	.	-	.	gene_id "ENSG00000141510"; transcript_id "ENST00000455263"; gene_type "protein_coding"; gene_status "KNOWN"; gene_name "TP53"; transcript_type "nonsense_mediated_decay"; transcript_status "KNOWN"; transcript_name "TP53-004"; level 2; tag "CCDS"; ccdsid "CCDS45605.1"; havana_gene "OTTHUMG00000162125"; havana_transcript "OTTHUMT00000367400";
chr17	HAVANA	CDS	7577019	7577155	.	-	1	gene_id "ENSG00000141510"; transcript_id "ENST00000455263"; gene_type "protein_coding"; gene_status "KNOWN"; gene_name "TP53"; transcript_type "nonsense_mediated_decay"; transcript_status "KNOWN"; transcript_name "TP53-004"; level 2; tag "CCDS"; ccdsid "CCDS45605.1"; havana_gene "OTTHUMG00000162125"; havana_transcript "OTTHUMT00000367400";
chr17	HAVANA	exon	7576853	7576926	.	-	.	gene_id "ENSG00000141510"; transcript_id "ENST00000455263"; gene_type "protein_coding"; gene_status "KNOWN"; gene_name "TP53"; transcript_type "nonsense_mediated_decay"; transcript_status "KNOWN"; transcript_name "TP53-004"; level 2; tag "CCDS"; ccdsid "CCDS45605.1"; havana_gene "OTTHUMG00000162125"; havana_transcript "OTTHUMT00000367400";
chr17	HAVANA	CDS	7576853	7576926	.	-	2	gene_id "ENSG00000141510"; transcript_id "ENST00000455263"; gene_type "protein_coding"; gene_status "KNOWN"; gene_name "TP53"; transcript_type "nonsense_mediated_decay"; transcript_status "KNOWN"; transcript_name "TP53-004"; level 2; tag "CCDS"; ccdsid "CCDS45605.1"; havana_gene "OTTHUMG00000162125"; havana_transcript "OTTHUMT00000367400";
chr17	HAVANA	exon	7576525	7576584	.	-	.	gene_id "ENSG00000141510"; transcript_id "ENST00000455263"; gene_type "protein_coding"; gene_status "KNOWN"; gene_name "TP53"; transcript_type "nonsense_mediated_decay"; transcript_status "KNOWN"; transcript_name "TP53-004"; level 2; tag "CCDS"; ccdsid "CCDS45605.1"; havana_gene "OTTHUMG00000162125"; havana_transcript "OTTHUMT00000367400";
chr17	HAVANA	CDS	7576540	7576584	.	-	0	gene_id "ENSG00000141510"; transcript_id "ENST00000455263"; gene_type "protein_coding"; gene_status "KNOWN"; gene_name "TP53"; transcript_type "nonsense_mediated_decay"; transcript_status "KNOWN"; transcript_name "TP53-004"; level 2; tag "CCDS"; ccdsid "CCDS45605.1"; havana_gene "OTTHUMG00000162125"; havana_transcript "OTTHUMT00000367400";
chr17	HAVANA	stop_codon	7576537	7576539	.	-	0	gene_id "ENSG00000141510"; transcript_id "ENST00000455263"; gene_type "protein_coding"; gene_status "KNOWN"; gene_name "TP53"; transcript_type "nonsense_mediated_decay"; transcript_status "KNOWN"; transcript_name "TP53-004"; level 2; tag "CCDS"; ccdsid "CCDS45605.1"; havana_gene "OTTHUMG00000162125"; havana_transcript "OTTHUMT00000367400";
chr17	HAVANA	exon	7573927	7574033	.	-	.	gene_id "ENSG00000141510"; transcript_id "ENST00000455263"; gene_type "protein_coding"; gene_status "KNOWN"; gene_name "TP53"; transcript_type "nonsense_mediated_decay"; transcript_status "KNOWN"; transcript_name "TP53-004"; level 2; tag "CCDS"; ccdsid "CCDS45605.1"; havana_gene "OTTHUMG00000162125"; havana_transcript "OTTHUMT00000367400";
chr17	HAVANA	exon	7571722	7573008	.	-	.	gene_id "ENSG00000141510"; transcript_id "ENST00000455263"; gene_type "protein_coding"; gene_status "KNOWN"; gene_name "TP53"; transcript_type "nonsense_mediated_decay"; transcript_status "KNOWN"; transcript_name "TP53-004"; level 2; tag "CCDS"; ccdsid "CCDS45605.1"; havana_gene "OTTHUMG00000162125"; havana_transcript "OTTHUMT00000367400";
chr17	HAVANA	UTR	7590695	7590799	.	-	.	gene_id "ENSG00000141510"; transcript_id "ENST00000455263"; gene_type "protein_coding"; gene_status "KNOWN"; gene_name "TP53"; transcript_type "nonsense_mediated_decay"; transcript_status "KNOWN"; transcript_name "TP53-004"; level 2; tag "CCDS"; ccdsid "CCDS45605.1"; havana_gene "OTTHUMG00000162125"; havana_transcript "OTTHUMT00000367400";
chr17	HAVANA	UTR	7579913	7579940	.	-	.	gene_id "ENSG00000141510"; transcript_id "ENST00000455263"; gene_type "protein_coding"; gene_status "KNOWN"; gene_name "TP53"; transcript_type "nonsense_mediated_decay"; transcript_status "KNOWN"; transcript_name "TP53-004"; level 2; tag "CCDS"; ccdsid "CCDS45605.1"; havana_gene "OTTHUMG00000162125"; havana_transcript "OTTHUMT00000367400";
chr17	HAVANA	UTR	7576525	7576539	.	-	.	gene_id "ENSG00000141510"; transcript_id "ENST00000455263"; gene_type "protein_coding"; gene_status "KNOWN"; gene_name "TP53"; transcript_type "nonsense_mediated_decay"; transcript_status "KNOWN"; transcript_name "TP53-004"; level 2; tag "CCDS"; ccdsid "CCDS45605.1"; havana_gene "OTTHUMG00000162125"; havana_transcript "OTTHUMT00000367400";
chr17	HAVANA	UTR	7573927	7574033	.	-	.	gene_id "ENSG00000141510"; transcript_id "ENST00000455263"; gene_type "protein_coding"; gene_status "KNOWN"; gene_name "TP53"; transcript_type "nonsense_mediated_decay"; transcript_status "KNOWN"; transcript_name "TP53-004"; level 2; tag "CCDS"; ccdsid "CCDS45605.1"; havana_gene "OTTHUMG00000162125"; havana_transcript "OTTHUMT00000367400";
chr17	HAVANA	UTR	7571722	7573008	.	-	.	gene_id "ENSG00000141510"; transcript_id "ENST00000455263"; gene_type "protein_coding"; gene_status "KNOWN"; gene_name "TP53"; transcript_type "nonsense_mediated_decay"; transcript_status "KNOWN"; transcript_name "TP53-004"; level 2; tag "CCDS"; ccdsid "CCDS45605.1"; havana_gene "OTTHUMG00000162125"; havana_transcript "OTTHUMT00000367400";
chr17	HAVANA	transcript	7571722	7590799	.	-	.	gene_id "ENSG00000141510"; transcript_id "ENST00000420246"; gene_type "protein_coding"; gene_status "KNOWN"; gene_name "TP53"; transcript_type "nonsense_mediated_decay"; transcript_status "KNOWN"; transcript_name "TP53-005"; level 2; tag "CCDS"; ccdsid "CCDS45606.1"; havana_gene "OTTHUMG00000162125"; havana_transcript "OTTHUMT00000367401";
chr17	HAVANA	exon	7590695	7590799	.	-	.	gene_id "ENSG00000141510"; transcript_id "ENST00000420246"; gene_type "protein_coding"; gene_status "KNOWN"; gene_name "TP53"; transcript_type "nonsense_mediated_decay"; transcript_status "KNOWN"; transcript_name "TP53-005"; level 2; tag "CCDS"; ccdsid "CCDS45606.1"; havana_gene "OTTHUMG00000162125"; havana_transcript "OTTHUMT00000367401";
chr17	HAVANA	exon	7579839	7579940	.	-	.	gene_id "ENSG00000141510"; transcript_id "ENST00000420246"; gene_type "protein_coding"; gene_status "KNOWN"; gene_name "TP53"; transcript_type "nonsense_mediated_decay"; transcript_status "KNOWN"; transcript_name "TP53-005"; level 2; tag "CCDS"; ccdsid "CCDS45606.1"; havana_gene "OTTHUMG00000162125"; havana_transcript "OTTHUMT00000367401";
chr17	HAVANA	CDS	7579839	7579912	.	-	0	gene_id "ENSG00000141510"; transcript_id "ENST00000420246"; gene_type "protein_coding"; gene_status "KNOWN"; gene_name "TP53"; transcript_type "nonsense_mediated_decay"; transcript_status "KNOWN"; transcript_name "TP53-005"; level 2; tag "CCDS"; ccdsid "CCDS45606.1"; havana_gene "OTTHUMG00000162125"; havana_transcript "OTTHUMT00000367401";
chr17	HAVANA	start_codon	7579910	7579912	.	-	0	gene_id "ENSG00000141510"; transcript_id "ENST00000420246"; gene_type "protein_coding"; gene_status "KNOWN"; gene_name "TP53"; transcript_type "nonsense_mediated_decay"; transcript_status "KNOWN"; transcript_name "TP53-005"; level 2; tag "CCDS"; ccdsid "CCDS45606.1"; havana_gene "OTTHUMG00000162125"; havana_transcript "OTTHUMT00000367401";
chr17	HAVANA	exon	7579700	7579721	.	-	.	gene_id "ENSG00000141510"; transcript_id "ENST00000420246"; gene_type "protein_coding"; gene_status "KNOWN"; gene_name "TP53"; transcript_type "nonsense_mediated_decay"; transcript_status "KNOWN"; transcript_name "TP53-005"; level 2; tag "CCDS"; ccdsid "CCDS45606.1"; havana_gene "OTTHUMG00000162125"; havana_transcript "OTTHUMT00000367401";
chr17	HAVANA	CDS	7579700	7579721	.	-	1	gene_id "ENSG00000141510"; transcript_id "ENST00000420246"; gene_type "protein_coding"; gene_status "KNOWN"; gene_name "TP53"; transcript_type "nonsense_mediated_decay"; transcript_status "KNOWN"; transcript_name "TP53-005"; level 2; tag "CCDS"; ccdsid "CCDS45606.1"; havana_gene "OTTHUMG00000162125"; havana_transcript "OTTHUMT00000367401";
chr17	HAVANA	exon	7579312	7579590	.	-	.	gene_id "ENSG00000141510"; transcript_id "ENST00000420246"; gene_type "protein_coding"; gene_status "KNOWN"; gene_name "TP53"; transcript_type "nonsense_mediated_decay"; transcript_status "KNOWN"; transcript_name "TP53-005"; level 2; tag "CCDS"; ccdsid "CCDS45606.1"; havana_gene "OTTHUMG00000162125"; havana_transcript "OTTHUMT00000367401";
chr17	HAVANA	CDS	7579312	7579590	.	-	0	gene_id "ENSG00000141510"; transcript_id "ENST00000420246"; gene_type "protein_coding"; gene_status "KNOWN"; gene_name "TP53"; transcript_type "nonsense_mediated_decay"; transcript_status "KNOWN"; transcript_name "TP53-005"; level 2; tag "CCDS"; ccdsid "CCDS45606.1"; havana_gene "OTTHUMG00000162125"; havana_transcript "OTTHUMT00000367401";
chr17	HAVANA	exon	7578371	7578554	.	-	.	gene_id "ENSG00000141510"; transcript_id "ENST00000420246"; gene_type "protein_coding"; gene_status "KNOWN"; gene_name "TP53"; transcript_type "nonsense_mediated_decay"; transcript_status "KNOWN"; transcript_name "TP53-005"; level 2; tag "CCDS"; ccdsid "CCDS45606.1"; havana_gene "OTTHUMG00000162125"; havana_transcript "OTTHUMT00000367401";
chr17	HAVANA	CDS	7578371	7578554	.	-	0	gene_id "ENSG00000141510"; transcript_id "ENST00000420246"; gene_type "protein_coding"; gene_status "KNOWN"; gene_name "TP53"; transcript_type "nonsense_mediated_decay"; transcript_status "KNOWN"; transcript_name "TP53-005"; level 2; tag "CCDS"; ccdsid "CCDS45606.1"; havana_gene "OTTHUMG00000162125"; havana_transcript "OTTHUMT00000367401";
chr17	HAVANA	exon	7578177	7578289	.	-	.	gene_id "ENSG00000141510"; transcript_id "ENST00000420246"; gene_type "protein_coding"; gene_status "KNOWN"; gene_name "TP53"; transcript_type "nonsense_mediated_decay"; transcript_status "KNOWN"; transcript_name "TP53-005"; level 2; tag "CCDS"; ccdsid "CCDS45606.1"; havana_gene "OTTHUMG00000162125"; havana_transcript "OTTHUMT00000367401";
chr17	HAVANA	CDS	7578177	7578289	.	-	2	gene_id "ENSG00000141510"; transcript_id "ENST00000420246"; gene_type "protein_coding"; gene_status "KNOWN"; gene_name "TP53"; transcript_type "nonsense_mediated_decay"; transcript_status "KNOWN"; transcript_name "TP53-005"; level 2; tag "CCDS"; ccdsid "CCDS45606.1"; havana_gene "OTTHUMG00000162125"; havana_transcript "OTTHUMT00000367401";
chr17	HAVANA	exon	7577499	7577608	.	-	.	gene_id "ENSG00000141510"; transcript_id "ENST00000420246"; gene_type "protein_coding"; gene_status "KNOWN"; gene_name "TP53"; transcript_type "nonsense_mediated_decay"; transcript_status "KNOWN"; transcript_name "TP53-005"; level 2; tag "CCDS"; ccdsid "CCDS45606.1"; havana_gene "OTTHUMG00000162125"; havana_transcript "OTTHUMT00000367401";
chr17	HAVANA	CDS	7577499	7577608	.	-	0	gene_id "ENSG00000141510"; transcript_id "ENST00000420246"; gene_type "protein_coding"; gene_status "KNOWN"; gene_name "TP53"; transcript_type "nonsense_mediated_decay"; transcript_status "KNOWN"; transcript_name "TP53-005"; level 2; tag "CCDS"; ccdsid "CCDS45606.1"; havana_gene "OTTHUMG00000162125"; havana_transcript "OTTHUMT00000367401";
chr17	HAVANA	exon	7577019	7577155	.	-	.	gene_id "ENSG00000141510"; transcript_id "ENST00000420246"; gene_type "protein_coding"; gene_status "KNOWN"; gene_name "TP53"; transcript_type "nonsense_mediated_decay"; transcript_status "KNOWN"; transcript_name "TP53-005"; level 2; tag "CCDS"; ccdsid "CCDS45606.1"; havana_gene "OTTHUMG00000162125"; havana_transcript "OTTHUMT00000367401";
chr17	HAVANA	CDS	7577019	7577155	.	-	1	gene_id "ENSG00000141510"; transcript_id "ENST00000420246"; gene_type "protein_coding"; gene_status "KNOWN"; gene_name "TP53"; transcript_type "nonsense_mediated_decay"; transcript_status "KNOWN"; transcript_name "TP53-005"; level 2; tag "CCDS"; ccdsid "CCDS45606.1"; havana_gene "OTTHUMG00000162125"; havana_transcript "OTTHUMT00000367401";
chr17	HAVANA	exon	7576853	7576926	.	-	.	gene_id "ENSG00000141510"; transcript_id "ENST00000420246"; gene_type "protein_coding"; gene_status "KNOWN"; gene_name "TP53"; transcript_type "nonsense_mediated_decay"; transcript_status "KNOWN"; transcript_name "TP53-005"; level 2; tag "CCDS"; ccdsid "CCDS45606.1"; havana_gene "OTTHUMG00000162125"; havana_transcript "OTTHUMT00000367401";
chr17	HAVANA	CDS	7576853	7576926	.	-	2	gene_id "ENSG00000141510"; transcript_id "ENST00000420246"; gene_type "protein_coding"; gene_status "KNOWN"; gene_name "TP53"; transcript_type "nonsense_mediated_decay"; transcript_status "KNOWN"; transcript_name "TP53-005"; level 2; tag "CCDS"; ccdsid "CCDS45606.1"; havana_gene "OTTHUMG00000162125"; havana_transcript "OTTHUMT00000367401";
chr17	HAVANA	exon	7576525	7576657	.	-	.	gene_id "ENSG00000141510"; transcript_id "ENST00000420246"; gene_type "protein_coding"; gene_status "KNOWN"; gene_name "TP53"; transcript_type "nonsense_mediated_decay"; transcript_status "KNOWN"; transcript_name "TP53-005"; level 2; tag "CCDS"; ccdsid "CCDS45606.1"; havana_gene "OTTHUMG00000162125"; havana_transcript "OTTHUMT00000367401";
chr17	HAVANA	CDS	7576628	7576657	.	-	0	gene_id "ENSG00000141510"; transcript_id "ENST00000420246"; gene_type "protein_coding"; gene_status "KNOWN"; gene_name "TP53"; transcript_type "nonsense_mediated_decay"; transcript_status "KNOWN"; transcript_name "TP53-005"; level 2; tag "CCDS"; ccdsid "CCDS45606.1"; havana_gene "OTTHUMG00000162125"; havana_transcript "OTTHUMT00000367401";
chr17	HAVANA	stop_codon	7576625	7576627	.	-	0	gene_id "ENSG00000141510"; transcript_id "ENST00000420246"; gene_type "protein_coding"; gene_status "KNOWN"; gene_name "TP53"; transcript_type "nonsense_mediated_decay"; transcript_status "KNOWN"; transcript_name "TP53-005"; level 2; tag "CCDS"; ccdsid "CCDS45606.1"; havana_gene "OTTHUMG00000162125"; havana_transcript "OTTHUMT00000367401";
chr17	HAVANA	exon	7573927	7574033	.	-	.	gene_id "ENSG00000141510"; transcript_id "ENST00000420246"; gene_type "protein_coding"; gene_status "KNOWN"; gene_name "TP53"; transcript_type "nonsense_mediated_decay"; transcript_status "KNOWN"; transcript_name "TP53-005"; level 2; tag "CCDS"; ccdsid "CCDS45606.1"; havana_gene "OTTHUMG00000162125"; havana_transcript "OTTHUMT00000367401";
chr17	HAVANA	exon	7571722	7573008	.	-	.	gene_id "ENSG00000141510"; transcript_id "ENST00000420246"; gene_type "protein_coding"; gene_status "KNOWN"; gene_name "TP53"; transcript_type "nonsense_mediated_decay"; transcript_status "KNOWN"; transcript_name "TP53-005"; level 2; tag "CCDS"; ccdsid "CCDS45606.1"; havana_gene "OTTHUMG00000162125"; havana_transcript "OTTHUMT00000367401";
chr17	HAVANA	UTR	7590695	7590799	.	-	.	gene_id "ENSG00000141510"; transcript_id "ENST00000420246"; gene_type "protein_coding"; gene_status "KNOWN"; gene_name "TP53"; transcript_type "nonsense_mediated_decay"; transcript_status "KNOWN"; transcript_name "TP53-005"; level 2; tag "CCDS"; ccdsid "CCDS45606.1"; havana_gene "OTTHUMG00000162125"; havana_transcript "OTTHUMT00000367401";
chr17	HAVANA	UTR	7579913	7579940	.	-	.	gene_id "ENSG00000141510"; transcript_id "ENST00000420246"; gene_type "protein_coding"; gene_status "KNOWN"; gene_name "TP53"; transcript_type "nonsense_mediated_decay"; transcript_status "KNOWN"; transcript_name "TP53-005"; level 2; tag "CCDS"; ccdsid "CCDS45606.1"; havana_gene "OTTHUMG00000162125"; havana_transcript "OTTHUMT00000367401";
chr17	HAVANA	UTR	7576525	7576627	.	-	.	gene_id "ENSG00000141510"; transcript_id "ENST00000420246"; gene_type "protein_coding"; gene_status "KNOWN"; gene_name "TP53"; transcript_type "nonsense_mediated_decay"; transcript_status "KNOWN"; transcript_name "TP53-005"; level 2; tag "CCDS"; ccdsid "CCDS45606.1"; havana_gene "OTTHUMG00000162125"; havana_transcript "OTTHUMT00000367401";
chr17	HAVANA	UTR	7573927	7574033	.	-	.	gene_id "ENSG00000141510"; transcript_id "ENST00000420246"; gene_type "protein_coding"; gene_status "KNOWN"; gene_name "TP53"; transcript_type "nonsense_mediated_decay"; transcript_status "KNOWN"; transcript_name "TP53-005"; level 2; tag "CCDS"; ccdsid "CCDS45606.1"; havana_gene "OTTHUMG00000162125"; havana_transcript "OTTHUMT00000367401";
chr17	HAVANA	UTR	7571722	7573008	.	-	.	gene_id "ENSG00000141510"; transcript_id "ENST00000420246"; gene_type "protein_coding"; gene_status "KNOWN"; gene_name "TP53"; transcript_type "nonsense_mediated_decay"; transcript_status "KNOWN"; transcript_name "TP53-005"; level 2; tag "CCDS"; ccdsid "CCDS45606.1"; havana_gene "OTTHUMG00000162125"; havana_transcript "OTTHUMT00000367401";
chr17	HAVANA	transcript	7571739	7590805	.	-	.	gene_id "ENSG00000141510"; transcript_id "ENST00000445888"; gene_type "protein_coding"; gene_status "KNOWN"; gene_name "TP53"; transcript_type "protein_coding"; transcript_status "KNOWN"; transcript_name "TP53-002"; level 2; tag "CCDS"; ccdsid "CCDS11118.1"; havana_gene "OTTHUMG00000162125"; havana_transcript "OTTHUMT00000367398";
chr17	HAVANA	exon	7590695	7590805	.	-	.	gene_id "ENSG00000141510"; transcript_id "ENST00000445888"; gene_type "protein_coding"; gene_status "KNOWN"; gene_name "TP53"; transcript_type "protein_coding"; transcript_status "KNOWN"; transcript_name "TP53-002"; level 2; tag "CCDS"; ccdsid "CCDS11118.1"; havana_gene "OTTHUMG00000162125"; havana_transcript "OTTHUMT00000367398";
chr17	HAVANA	exon	7579839	7579937	.	-	.	gene_id "ENSG00000141510"; transcript_id "ENST00000445888"; gene_type "protein_coding"; gene_status "KNOWN"; gene_name "TP53"; transcript_type "protein_coding"; transcript_status "KNOWN"; transcript_name "TP53-002"; level 2; tag "CCDS"; ccdsid "CCDS11118.1"; havana_gene "OTTHUMG00000162125"; havana_transcript "OTTHUMT00000367398";
chr17	HAVANA	CDS	7579839	7579912	.	-	0	gene_id "ENSG00000141510"; transcript_id "ENST00000445888"; gene_type "protein_coding"; gene_status "KNOWN"; gene_name "TP53"; transcript_type "protein_coding"; transcript_status "KNOWN"; transcript_name "TP53-002"; level 2; tag "CCDS"; ccdsid "CCDS11118.1"; havana_gene "OTTHUMG00000162125"; havana_transcript "OTTHUMT00000367398";
chr17	HAVANA	start_codon	7579910	7579912	.	-	0	gene_id "ENSG00000141510"; transcript_id "ENST00000445888"; gene_type "protein_coding"; gene_status "KNOWN"; gene_name "TP53"; transcript_type "protein_coding"; transcript_status "KNOWN"; transcript_name "TP53-002"; level 2; tag "CCDS"; ccdsid "CCDS11118.1"; havana_gene "OTTHUMG00000162125"; havana_transcript "OTTHUMT00000367398";
chr17	HAVANA	exon	7579700	7579721	.	-	.	gene_id "ENSG00000141510"; transcript_id "ENST00000445888"; gene_type "protein_coding"; gene_status "KNOWN"; gene_name "TP53"; transcript_type "protein_coding"; transcript_status "KNOWN"; transcript_name "TP53-002"; level 2; tag "CCDS"; ccdsid "CCDS11118.1"; havana_gene "OTTHUMG00000162125"; havana_transcript "OTTHUMT00000367398";
chr17	HAVANA	CDS	7579700	7579721	.	-	1	gene_id "ENSG00000141510"; transcript_id "ENST00000445888"; gene_type "protein_coding"; gene_status "KNOWN"; gene_name "TP53"; transcript_type "protein_coding"; transcript_status "KNOWN"; transcript_name "TP53-002"; level 2; tag "CCDS"; ccdsid "CCDS11118.1"; havana_gene "OTTHUMG00000162125"; havana_transcript "OTTHUMT00000367398";
chr17	HAVANA	exon	7579312	7579590	.	-	.	gene_id "ENSG00000141510"; transcript_id "ENST00000445888"; gene_type "protein_coding"; gene_status "KNOWN"; gene_name "TP53"; transcript_type "protein_coding"; transcript_status "KNOWN"; transcript_name "TP53-002"; level 2; tag "CCDS"; ccdsid "CCDS11118.1"; havana_gene "OTTHUMG00000162125"; havana_transcript "OTTHUMT00000367398";
chr17	HAVANA	CDS	7579312	7579590	.	-	0	gene_id "ENSG00000141510"; transcript_id "ENST00000445888"; gene_type "protein_coding"; gene_status "KNOWN"; gene_name "TP53"; transcript_type "protein_coding"; transcript_status "KNOWN"; transcript_name "TP53-002"; level 2; tag "CCDS"; ccdsid "CCDS11118.1"; havana_gene "OTTHUMG00000162125"; havana_transcript "OTTHUMT00000367398";
chr17	HAVANA	exon	7578371	7578554	.	-	.	gene_id "ENSG00000141510"; transcript_id "ENST00000445888"; gene_type "protein_coding"; gene_status "KNOWN"; gene_name "TP53"; transcript_type "protein_coding"; transcript_status "KNOWN"; transcript_name "TP53-002"; level 2; tag "CCDS"; ccdsid "CCDS11118.1"; havana_gene "OTTHUMG00000162125"; havana_transcript "OTTHUMT00000367398";
chr17	HAVANA	CDS	7578371	7578554	.	-	0	gene_id "ENSG00000141510"; transcript_id "ENST00000445888"; gene_type "protein_coding"; gene_status "KNOWN"; gene_name "TP53"; transcript_type "protein_coding"; transcript_status "KNOWN"; transcript_name "TP53-002"; level 2; tag "CCDS"; ccdsid "CCDS11118.1"; havana_gene "OTTHUMG00000162125"; havana_transcript "OTTHUMT00000367398";
chr17	HAVANA	exon	7578177	7578289	.	-	.	gene_id "ENSG00000141510"; transcript_id "ENST00000445888"; gene_type "protein_coding"; gene_status "KNOWN"; gene_name "TP53"; transcript_type "protein_coding"; transcript_status "KNOWN"; transcript_name "TP53-002"; level 2; tag "CCDS"; ccdsid "CCDS11118.1"; havana_gene "OTTHUMG00000162125"; havana_transcript "OTTHUMT00000367398";
chr17	HAVANA	CDS	7578177	7578289	.	-	2	gene_id "ENSG00000141510"; transcript_id "ENST00000445888"; gene_type "protein_coding"; gene_status "KNOWN"; gene_name "TP53"; transcript_type "protein_coding"; transcript_status "KNOWN"; transcript_name "TP53-002"; level 2; tag "CCDS"; ccdsid "CCDS11118.1"; havana_gene "OTTHUMG00000162125"; havana_transcript "OTTHUMT00000367398";
chr17	HAVANA	exon	7577499	7577608	.	-	.	gene_id "ENSG00000141510"; transcript_id "ENST00000445888"; gene_type "protein_coding"; gene_status "KNOWN"; gene_name "TP53"; transcript_type "protein_coding"; transcript_status "KNOWN"; transcript_name "TP53-002"; level 2; tag "CCDS"; ccdsid "CCDS11118.1"; havana_gene "OTTHUMG00000162125"; havana_transcript "OTTHUMT00000367398";
chr17	HAVANA	CDS	7577499	7577608	.	-	0	gene_id "ENSG00000141510"; transcript_id "ENST00000445888"; gene_type "protein_coding"; gene_status "KNOWN"; gene_name "TP53"; transcript_type "protein_coding"; transcript_status "KNOWN"; transcript_name "TP53-002"; level 2; tag "CCDS"; ccdsid "CCDS11118.1"; havana_gene "OTTHUMG00000162125"; havana_transcript "OTTHUMT00000367398";
chr17	HAVANA	exon	7577019	7577155	.	-	.	gene_id "ENSG00000141510"; transcript_id "ENST00000445888"; gene_type "protein_coding"; gene_status "KNOWN"; gene_name "TP53"; transcript_type "protein_coding"; transcript_status "KNOWN"; transcript_name "TP53-002"; level 2; tag "CCDS"; ccdsid "CCDS11118.1"; havana_gene "OTTHUMG00000162125"; havana_transcript "OTTHUMT00000367398";
chr17	HAVANA	CDS	7577019	7577155	.	-	1	gene_id "ENSG00000141510"; transcript_id "ENST00000445888"; gene_type "protein_coding"; gene_status "KNOWN"; gene_name "TP53"; transcript_type "protein_coding"; transcript_status "KNOWN"; transcript_name "TP53-002"; level 2; tag "CCDS"; ccdsid "CCDS11118.1"; havana_gene "OTTHUMG00000162125"; havana_transcript "OTTHUMT00000367398";
chr17	HAVANA	exon	7576853	7576926	.	-	.	gene_id "ENSG00000141510"; transcript_id "ENST00000445888"; gene_type "protein_coding"; gene_status "KNOWN"; gene_name "TP53"; transcript_type "protein_coding"; transcript_status "KNOWN"; transcript_name "TP53-002"; level 2; tag "CCDS"; ccdsid "CCDS11118.1"; havana_gene "OTTHUMG00000162125"; havana_transcript "OTTHUMT00000367398";
chr17	HAVANA	CDS	7576853	7576926	.	-	2	gene_id "ENSG00000141510"; transcript_id "ENST00000445888"; gene_type "protein_coding"; gene_status "KNOWN"; gene_name "TP53"; transcript_type "protein_coding"; transcript_status "KNOWN"; transcript_name "TP53-002"; level 2; tag "CCDS"; ccdsid "CCDS11118.1"; havana_gene "OTTHUMG00000162125"; havana_transcript "OTTHUMT00000367398";
chr17	HAVANA	exon	7573927	7574033	.	-	.	gene_id "ENSG00000141510"; transcript_id "ENST00000445888"; gene_type "protein_coding"; gene_status "KNOWN"; gene_name "TP53"; transcript_type "protein_coding"; transcript_status "KNOWN"; transcript_name "TP53-002"; level 2; tag "CCDS"; ccdsid "CCDS11118.1"; havana_gene "OTTHUMG00000162125"; havana_transcript "OTTHUMT00000367398";
chr17	HAVANA	CDS	7573927	7574033	.	-	0	gene_id "ENSG00000141510"; transcript_id "ENST00000445888"; gene_type "protein_coding"; gene_status "KNOWN"; gene_name "TP53"; transcript_type "protein_coding"; transcript_status "KNOWN"; transcript_name "TP53-002"; level 2; tag "CCDS"; ccdsid "CCDS11118.1"; havana_gene "OTTHUMG00000162125"; havana_transcript "OTTHUMT00000367398";
chr17	HAVANA	exon	7571739	7573008	.	-	.	gene_id "ENSG00000141510"; transcript_id "ENST00000445888"; gene_type "protein_coding"; gene_status "KNOWN"; gene_name "TP53"; transcript_type "protein_coding"; transcript_status "KNOWN"; transcript_name "TP53-002"; level 2; tag "CCDS"; ccdsid "CCDS11118.1"; havana_gene "OTTHUMG00000162125"; havana_transcript "OTTHUMT00000367398";
chr17	HAVANA	CDS	7572930	7573008	.	-	1	gene_id "ENSG00000141510"; transcript_id "ENST00000445888"; gene_type "protein_coding"; gene_status "KNOWN"; gene_name "TP53"; transcript_type "protein_coding"; transcript_status "KNOWN"; transcript_name "TP53-002"; level 2; tag "CCDS"; ccdsid "CCDS11118.1"; havana_gene "OTTHUMG00000162125"; havana_transcript "OTTHUMT00000367398";
chr17	HAVANA	stop_codon	7572927	7572929	.	-	0	gene_id "ENSG00000141510"; transcript_id "ENST00000445888"; gene_type "protein_coding"; gene_status "KNOWN"; gene_name "TP53"; transcript_type "protein_coding"; transcript_status "KNOWN"; transcript_name "TP53-002"; level 2; tag "CCDS"; ccdsid "CCDS11118.1"; havana_gene "OTTHUMG00000162125"; havana_transcript "OTTHUMT00000367398";
chr17	HAVANA	UTR	7590695	7590805	.	-	.	gene_id "ENSG00000141510"; transcript_id "ENST00000445888"; gene_type "protein_coding"; gene_status "KNOWN"; gene_name "TP53"; transcript_type "protein_coding"; transcript_status "KNOWN"; transcript_name "TP53-002"; level 2; tag "CCDS"; ccdsid "CCDS11118.1"; havana_gene "OTTHUMG00000162125"; havana_transcript "OTTHUMT00000367398";
chr17	HAVANA	UTR	7579913	7579937	.	-	.	gene_id "ENSG00000141510"; transcript_id "ENST00000445888"; gene_type "protein_coding"; gene_status "KNOWN"; gene_name "TP53"; transcript_type "protein_coding"; transcript_status "KNOWN"; transcript_name "TP53-002"; level 2; tag "CCDS"; ccdsid "CCDS11118.1"; havana_gene "OTTHUMG00000162125"; havana_transcript "OTTHUMT00000367398";
chr17	HAVANA	UTR	7571739	7572929	.	-	.	gene_id "ENSG00000141510"; transcript_id "ENST00000445888"; gene_type "protein_coding"; gene_status "KNOWN"; gene_name "TP53"; transcript_type "protein_coding"; transcript_status "KNOWN"; transcript_name "TP53-002"; level 2; tag "CCDS"; ccdsid "CCDS11118.1"; havana_gene "OTTHUMG00000162125"; havana_transcript "OTTHUMT00000367398";
chr17	HAVANA	transcript	7576853	7590805	.	-	.	gene_id "ENSG00000141510"; transcript_id "ENST00000509690"; gene_type "protein_coding"; gene_status "KNOWN"; gene_name "TP53"; transcript_type "protein_coding"; transcript_status "KNOWN"; transcript_name "TP53-015"; level 2; tag "mRNA_end_NF"; tag "cds_end_NF"; havana_gene "OTTHUMG00000162125"; havana_transcript "OTTHUMT00000367411";
chr17	HAVANA	exon	7590695	7590805	.	-	.	gene_id "ENSG00000141510"; transcript_id "ENST00000509690"; gene_type "protein_coding"; gene_status "KNOWN"; gene_name "TP53"; transcript_type "protein_coding"; transcript_status "KNOWN"; transcript_name "TP53-015"; level 2; tag "mRNA_end_NF"; tag "cds_end_NF"; havana_gene "OTTHUMG00000162125"; havana_transcript "OTTHUMT00000367411";
chr17	HAVANA	exon	7578371	7578554	.	-	.	gene_id "ENSG00000141510"; transcript_id "ENST00000509690"; gene_type "protein_coding"; gene_status "KNOWN"; gene_name "TP53"; transcript_type "protein_coding"; transcript_status "KNOWN"; transcript_name "TP53-015"; level 2; tag "mRNA_end_NF"; tag "cds_end_NF"; havana_gene "OTTHUMG00000162125"; havana_transcript "OTTHUMT00000367411";
chr17	HAVANA	CDS	7578371	7578533	.	-	0	gene_id "ENSG00000141510"; transcript_id "ENST00000509690"; gene_type "protein_coding"; gene_status "KNOWN"; gene_name "TP53"; transcript_type "protein_coding"; transcript_status "KNOWN"; transcript_name "TP53-015"; level 2; tag "mRNA_end_NF"; tag "cds_end_NF"; havana_gene "OTTHUMG00000162125"; havana_transcript "OTTHUMT00000367411";
chr17	HAVANA	start_codon	7578531	7578533	.	-	0	gene_id "ENSG00000141510"; transcript_id "ENST00000509690"; gene_type "protein_coding"; gene_status "KNOWN"; gene_name "TP53"; transcript_type "protein_coding"; transcript_status "KNOWN"; transcript_name "TP53-015"; level 2; tag "mRNA_end_NF"; tag "cds_end_NF"; havana_gene "OTTHUMG00000162125"; havana_transcript "OTTHUMT00000367411";
chr17	HAVANA	exon	7578177	7578289	.	-	.	gene_id "ENSG00000141510"; transcript_id "ENST00000509690"; gene_type "protein_coding"; gene_status "KNOWN"; gene_name "TP53"; transcript_type "protein_coding"; transcript_status "KNOWN"; transcript_name "TP53-015"; level 2; tag "mRNA_end_NF"; tag "cds_end_NF"; havana_gene "OTTHUMG00000162125"; havana_transcript "OTTHUMT00000367411";
chr17	HAVANA	CDS	7578177	7578289	.	-	2	gene_id "ENSG00000141510"; transcript_id "ENST00000509690"; gene_type "protein_coding"; gene_status "KNOWN"; gene_name "TP53"; transcript_type "protein_coding"; transcript_status "KNOWN"; transcript_name "TP53-015"; level 2; tag "mRNA_end_NF"; tag "cds_end_NF"; havana_gene "OTTHUMG00000162125"; havana_transcript "OTTHUMT00000367411";
chr17	HAVANA	exon	7577499	7577608	.	-	.	gene_id "ENSG00000141510"; transcript_id "ENST00000509690"; gene_type "protein_coding"; gene_status "KNOWN"; gene_name "TP53"; transcript_type "protein_coding"; transcript_status "KNOWN"; transcript_name "TP53-015"; level 2; tag "mRNA_end_NF"; tag "cds_end_NF"; havana_gene "OTTHUMG00000162125"; havana_transcript "OTTHUMT00000367411";
chr17	HAVANA	CDS	7577499	7577608	.	-	0	gene_id "ENSG00000141510"; transcript_id "ENST00000509690"; gene_type "protein_coding"; gene_status "KNOWN"; gene_name "TP53"; transcript_type "protein_coding"; transcript_status "KNOWN"; transcript_name "TP53-015"; level 2; tag "mRNA_end_NF"; tag "cds_end_NF"; havana_gene "OTTHUMG00000162125"; havana_transcript "OTTHUMT00000367411";
chr17	HAVANA	exon	7577019	7577155	.	-	.	gene_id "ENSG00000141510"; transcript_id "ENST00000509690"; gene_type "protein_coding"; gene_status "KNOWN"; gene_name "TP53"; transcript_type "protein_coding"; transcript_status "KNOWN"; transcript_name "TP53-015"; level 2; tag "mRNA_end_NF"; tag "cds_end_NF"; havana_gene "OTTHUMG00000162125"; havana_transcript "OTTHUMT00000367411";
chr17	HAVANA	CDS	7577019	7577155	.	-	1	gene_id "ENSG00000141510"; transcript_id "ENST00000509690"; gene_type "protein_coding"; gene_status "KNOWN"; gene_name "TP53"; transcript_type "protein_coding"; transcript_status "KNOWN"; transcript_name "TP53-015"; level 2; tag "mRNA_end_NF"; tag "cds_end_NF"; havana_gene "OTTHUMG00000162125"; havana_transcript "OTTHUMT00000367411";
chr17	HAVANA	exon	7576853	7576926	.	-	.	gene_id "ENSG00000141510"; transcript_id "ENST00000509690"; gene_type "protein_coding"; gene_status "KNOWN"; gene_name "TP53"; transcript_type "protein_coding"; transcript_status "KNOWN"; transcript_name "TP53-015"; level 2; tag "mRNA_end_NF"; tag "cds_end_NF"; havana_gene "OTTHUMG00000162125"; havana_transcript "OTTHUMT00000367411";
chr17	HAVANA	CDS	7576853	7576926	.	-	2	gene_id "ENSG00000141510"; transcript_id "ENST00000509690"; gene_type "protein_coding"; gene_status "KNOWN"; gene_name "TP53"; transcript_type "protein_coding"; transcript_status "KNOWN"; transcript_name "TP53-015"; level 2; tag "mRNA_end_NF"; tag "cds_end_NF"; havana_gene "OTTHUMG00000162125"; havana_transcript "OTTHUMT00000367411";
chr17	HAVANA	UTR	7590695	7590805	.	-	.	gene_id "ENSG00000141510"; transcript_id "ENST00000509690"; gene_type "protein_coding"; gene_status "KNOWN"; gene_name "TP53"; transcript_type "protein_coding"; transcript_status "KNOWN"; transcript_name "TP53-015"; level 2; tag "mRNA_end_NF"; tag "cds_end_NF"; havana_gene "OTTHUMG00000162125"; havana_transcript "OTTHUMT00000367411";
chr17	HAVANA	UTR	7578534	7578554	.	-	.	gene_id "ENSG00000141510"; transcript_id "ENST00000509690"; gene_type "protein_coding"; gene_status "KNOWN"; gene_name "TP53"; transcript_type "protein_coding"; transcript_status "KNOWN"; transcript_name "TP53-015"; level 2; tag "mRNA_end_NF"; tag "cds_end_NF"; havana_gene "OTTHUMG00000162125"; havana_transcript "OTTHUMT00000367411";
chr17	HAVANA	transcript	7577535	7590745	.	-	.	gene_id "ENSG00000141510"; transcript_id "ENST00000514944"; gene_type "protein_coding"; gene_status "KNOWN"; gene_name "TP53"; transcript_type "protein_coding"; transcript_status "NOVEL"; transcript_name "TP53-013"; level 2; tag "mRNA_end_NF"; tag "cds_end_NF"; havana_gene "OTTHUMG00000162125"; havana_transcript "OTTHUMT00000367409";
chr17	HAVANA	exon	7590695	7590745	.	-	.	gene_id "ENSG00000141510"; transcript_id "ENST00000514944"; gene_type "protein_coding"; gene_status "KNOWN"; gene_name "TP53"; transcript_type "protein_coding"; transcript_status "NOVEL"; transcript_name "TP53-013"; level 2; tag "mRNA_end_NF"; tag "cds_end_NF"; havana_gene "OTTHUMG00000162125"; havana_transcript "OTTHUMT00000367409";
chr17	HAVANA	exon	7579839	7579940	.	-	.	gene_id "ENSG00000141510"; transcript_id "ENST00000514944"; gene_type "protein_coding"; gene_status "KNOWN"; gene_name "TP53"; transcript_type "protein_coding"; transcript_status "NOVEL"; transcript_name "TP53-013"; level 2; tag "mRNA_end_NF"; tag "cds_end_NF"; havana_gene "OTTHUMG00000162125"; havana_transcript "OTTHUMT00000367409";
chr17	HAVANA	CDS	7579839	7579912	.	-	0	gene_id "ENSG00000141510"; transcript_id "ENST00000514944"; gene_type "protein_coding"; gene_status "KNOWN"; gene_name "TP53"; transcript_type "protein_coding"; transcript_status "NOVEL"; transcript_name "TP53-013"; level 2; tag "mRNA_end_NF"; tag "cds_end_NF"; havana_gene "OTTHUMG00000162125"; havana_transcript "OTTHUMT00000367409";
chr17	HAVANA	start_codon	7579910	7579912	.	-	0	gene_id "ENSG00000141510"; transcript_id "ENST00000514944"; gene_type "protein_coding"; gene_status "KNOWN"; gene_name "TP53"; transcript_type "protein_coding"; transcript_status "NOVEL"; transcript_name "TP53-013"; level 2; tag "mRNA_end_NF"; tag "cds_end_NF"; havana_gene "OTTHUMG00000162125"; havana_transcript "OTTHUMT00000367409";
chr17	HAVANA	exon	7579700	7579721	.	-	.	gene_id "ENSG00000141510"; transcript_id "ENST00000514944"; gene_type "protein_coding"; gene_status "KNOWN"; gene_name "TP53"; transcript_type "protein_coding"; transcript_status "NOVEL"; transcript_name "TP53-013"; level 2; tag "mRNA_end_NF"; tag "cds_end_NF"; havana_gene "OTTHUMG00000162125"; havana_transcript "OTTHUMT00000367409";
chr17	HAVANA	CDS	7579700	7579721	.	-	1	gene_id "ENSG00000141510"; transcript_id "ENST00000514944"; gene_type "protein_coding"; gene_status "KNOWN"; gene_name "TP53"; transcript_type "protein_coding"; transcript_status "NOVEL"; transcript_name "TP53-013"; level 2; tag "mRNA_end_NF"; tag "cds_end_NF"; havana_gene "OTTHUMG00000162125"; havana_transcript "OTTHUMT00000367409";
chr17	HAVANA	exon	7578371	7578554	.	-	.	gene_id "ENSG00000141510"; transcript_id "ENST00000514944"; gene_type "protein_coding"; gene_status "KNOWN"; gene_name "TP53"; transcript_type "protein_coding"; transcript_status "NOVEL"; transcript_name "TP53-013"; level 2; tag "mRNA_end_NF"; tag "cds_end_NF"; havana_gene "OTTHUMG00000162125"; havana_transcript "OTTHUMT00000367409";
chr17	HAVANA	CDS	7578371	7578554	.	-	0	gene_id "ENSG00000141510"; transcript_id "ENST00000514944"; gene_type "protein_coding"; gene_status "KNOWN"; gene_name "TP53"; transcript_type "protein_coding"; transcript_status "NOVEL"; transcript_name "TP53-013"; level 2; tag "mRNA_end_NF"; tag "cds_end_NF"; havana_gene "OTTHUMG00000162125"; havana_transcript "OTTHUMT00000367409";
chr17	HAVANA	exon	7578177	7578289	.	-	.	gene_id "ENSG00000141510"; transcript_id "ENST00000514944"; gene_type "protein_coding"; gene_status "KNOWN"; gene_name "TP53"; transcript_type "protein_coding"; transcript_status "NOVEL"; transcript_name "TP53-013"; level 2; tag "mRNA_end_NF"; tag "cds_end_NF"; havana_gene "OTTHUMG00000162125"; havana_transcript "OTTHUMT00000367409";
chr17	HAVANA	CDS	7578177	7578289	.	-	2	gene_id "ENSG00000141510"; transcript_id "ENST00000514944"; gene_type "protein_coding"; gene_status "KNOWN"; gene_name "TP53"; transcript_type "protein_coding"; transcript_status "NOVEL"; transcript_name "TP53-013"; level 2; tag "mRNA_end_NF"; tag "cds_end_NF"; havana_gene "OTTHUMG00000162125"; havana_transcript "OTTHUMT00000367409";
chr17	HAVANA	exon	7577535	7577608	.	-	.	gene_id "ENSG00000141510"; transcript_id "ENST00000514944"; gene_type "protein_coding"; gene_status "KNOWN"; gene_name "TP53"; transcript_type "protein_coding"; transcript_status "NOVEL"; transcript_name "TP53-013"; level 2; tag "mRNA_end_NF"; tag "cds_end_NF"; havana_gene "OTTHUMG00000162125"; havana_transcript "OTTHUMT00000367409";
chr17	HAVANA	CDS	7577535	7577608	.	-	0	gene_id "ENSG00000141510"; transcript_id "ENST00000514944"; gene_type "protein_coding"; gene_status "KNOWN"; gene_name "TP53"; transcript_type "protein_coding"; transcript_status "NOVEL"; transcript_name "TP53-013"; level 2; tag "mRNA_end_NF"; tag "cds_end_NF"; havana_gene "OTTHUMG00000162125"; havana_transcript "OTTHUMT00000367409";
chr17	HAVANA	UTR	7590695	7590745	.	-	.	gene_id "ENSG00000141510"; transcript_id "ENST00000514944"; gene_type "protein_coding"; gene_status "KNOWN"; gene_name "TP53"; transcript_type "protein_coding"; transcript_status "NOVEL"; transcript_name "TP53-013"; level 2; tag "mRNA_end_NF"; tag "cds_end_NF"; havana_gene "OTTHUMG00000162125"; havana_transcript "OTTHUMT00000367409";
chr17	HAVANA	UTR	7579913	7579940	.	-	.	gene_id "ENSG00000141510"; transcript_id "ENST00000514944"; gene_type "protein_coding"; gene_status "KNOWN"; gene_name "TP53"; transcript_type "protein_coding"; transcript_status "NOVEL"; transcript_name "TP53-013"; level 2; tag "mRNA_end_NF"; tag "cds_end_NF"; havana_gene "OTTHUMG00000162125"; havana_transcript "OTTHUMT00000367409";
chr17	HAVANA	transcript	7577844	7590805	.	-	.	gene_id "ENSG00000141510"; transcript_id "ENST00000505014"; gene_type "protein_coding"; gene_status "KNOWN"; gene_name "TP53"; transcript_type "retained_intron"; transcript_status "KNOWN"; transcript_name "TP53-009"; level 2; havana_gene "OTTHUMG00000162125"; havana_transcript "OTTHUMT00000367405";
chr17	HAVANA	exon	7590695	7590805	.	-	.	gene_id "ENSG00000141510"; transcript_id "ENST00000505014"; gene_type "protein_coding"; gene_status "KNOWN"; gene_name "TP53"; transcript_type "retained_intron"; transcript_status "KNOWN"; transcript_name "TP53-009"; level 2; havana_gene "OTTHUMG00000162125"; havana_transcript "OTTHUMT00000367405";
chr17	HAVANA	exon	7579700	7579940	.	-	.	gene_id "ENSG00000141510"; transcript_id "ENST00000505014"; gene_type "protein_coding"; gene_status "KNOWN"; gene_name "TP53"; transcript_type "retained_intron"; transcript_status "KNOWN"; transcript_name "TP53-009"; level 2; havana_gene "OTTHUMG00000162125"; havana_transcript "OTTHUMT00000367405";
chr17	HAVANA	exon	7579312	7579590	.	-	.	gene_id "ENSG00000141510"; transcript_id "ENST00000505014"; gene_type "protein_coding"; gene_status "KNOWN"; gene_name "TP53"; transcript_type "retained_intron"; transcript_status "KNOWN"; transcript_name "TP53-009"; level 2; havana_gene "OTTHUMG00000162125"; havana_transcript "OTTHUMT00000367405";
chr17	HAVANA	exon	7578371	7578554	.	-	.	gene_id "ENSG00000141510"; transcript_id "ENST00000505014"; gene_type "protein_coding"; gene_status "KNOWN"; gene_name "TP53"; transcript_type "retained_intron"; transcript_status "KNOWN"; transcript_name "TP53-009"; level 2; havana_gene "OTTHUMG00000162125"; havana_transcript "OTTHUMT00000367405";
chr17	HAVANA	exon	7577844	7578289	.	-	.	gene_id "ENSG00000141510"; transcript_id "ENST00000505014"; gene_type "protein_coding"; gene_status "KNOWN"; gene_name "TP53"; transcript_type "retained_intron"; transcript_status "KNOWN"; transcript_name "TP53-009"; level 2; havana_gene "OTTHUMG00000162125"; havana_transcript "OTTHUMT00000367405";
chr17	HAVANA	transcript	7578434	7580752	.	-	.	gene_id "ENSG00000141510"; transcript_id "ENST00000508793"; gene_type "protein_coding"; gene_status "KNOWN"; gene_name "TP53"; transcript_type "protein_coding"; transcript_status "KNOWN"; transcript_name "TP53-014"; level 2; tag "mRNA_end_NF"; tag "cds_end_NF"; tag "cds_end_NF"; tag "mRNA_end_NF"; tag "mRNA_end_NF"; tag "cds_end_NF"; tag "cds_end_NF"; tag "mRNA_end_NF"; havana_gene "OTTHUMG00000162125"; havana_transcript "OTTHUMT00000367410";
chr17	HAVANA	exon	7580643	7580752	.	-	.	gene_id "ENSG00000141510"; transcript_id "ENST00000508793"; gene_type "protein_coding"; gene_status "KNOWN"; gene_name "TP53"; transcript_type "protein_coding"; transcript_status "KNOWN"; transcript_name "TP53-014"; level 2; tag "mRNA_end_NF"; tag "cds_end_NF"; tag "cds_end_NF"; tag "mRNA_end_NF"; tag "mRNA_end_NF"; tag "cds_end_NF"; tag "cds_end_NF"; tag "mRNA_end_NF"; havana_gene "OTTHUMG00000162125"; havana_transcript "OTTHUMT00000367410";
chr17	HAVANA	exon	7579839	7579940	.	-	.	gene_id "ENSG00000141510"; transcript_id "ENST00000508793"; gene_type "protein_coding"; gene_status "KNOWN"; gene_name "TP53"; transcript_type "protein_coding"; transcript_status "KNOWN"; transcript_name "TP53-014"; level 2; tag "mRNA_end_NF"; tag "cds_end_NF"; tag "cds_end_NF"; tag "mRNA_end_NF"; tag "mRNA_end_NF"; tag "cds_end_NF"; tag "cds_end_NF"; tag "mRNA_end_NF"; havana_gene "OTTHUMG00000162125"; havana_transcript "OTTHUMT00000367410";
chr17	HAVANA	CDS	7579839	7579912	.	-	0	gene_id "ENSG00000141510"; transcript_id "ENST00000508793"; gene_type "protein_coding"; gene_status "KNOWN"; gene_name "TP53"; transcript_type "protein_coding"; transcript_status "KNOWN"; transcript_name "TP53-014"; level 2; tag "mRNA_end_NF"; tag "cds_end_NF"; tag "cds_end_NF"; tag "mRNA_end_NF"; tag "mRNA_end_NF"; tag "cds_end_NF"; tag "cds_end_NF"; tag "mRNA_end_NF"; havana_gene "OTTHUMG00000162125"; havana_transcript "OTTHUMT00000367410";
chr17	HAVANA	start_codon	7579910	7579912	.	-	0	gene_id "ENSG00000141510"; transcript_id "ENST00000508793"; gene_type "protein_coding"; gene_status "KNOWN"; gene_name "TP53"; transcript_type "protein_coding"; transcript_status "KNOWN"; transcript_name "TP53-014"; level 2; tag "mRNA_end_NF"; tag "cds_end_NF"; tag "cds_end_NF"; tag "mRNA_end_NF"; tag "mRNA_end_NF"; tag "cds_end_NF"; tag "cds_end_NF"; tag "mRNA_end_NF"; havana_gene "OTTHUMG00000162125"; havana_transcript "OTTHUMT00000367410";
chr17	HAVANA	exon	7579700	7579721	.	-	.	gene_id "ENSG00000141510"; transcript_id "ENST00000508793"; gene_type "protein_coding"; gene_status "KNOWN"; gene_name "TP53"; transcript_type "protein_coding"; transcript_status "KNOWN"; transcript_name "TP53-014"; level 2; tag "mRNA_end_NF"; tag "cds_end_NF"; tag "cds_end_NF"; tag "mRNA_end_NF"; tag "mRNA_end_NF"; tag "cds_end_NF"; tag "cds_end_NF"; tag "mRNA_end_NF"; havana_gene "OTTHUMG00000162125"; havana_transcript "OTTHUMT00000367410";
chr17	HAVANA	CDS	7579700	7579721	.	-	1	gene_id "ENSG00000141510"; transcript_id "ENST00000508793"; gene_type "protein_coding"; gene_status "KNOWN"; gene_name "TP53"; transcript_type "protein_coding"; transcript_status "KNOWN"; transcript_name "TP53-014"; level 2; tag "mRNA_end_NF"; tag "cds_end_NF"; tag "cds_end_NF"; tag "mRNA_end_NF"; tag "mRNA_end_NF"; tag "cds_end_NF"; tag "cds_end_NF"; tag "mRNA_end_NF"; havana_gene "OTTHUMG00000162125"; havana_transcript "OTTHUMT00000367410";
chr17	HAVANA	exon	7579312	7579590	.	-	.	gene_id "ENSG00000141510"; transcript_id "ENST00000508793"; gene_type "protein_coding"; gene_status "KNOWN"; gene_name "TP53"; transcript_type "protein_coding"; transcript_status "KNOWN"; transcript_name "TP53-014"; level 2; tag "mRNA_end_NF"; tag "cds_end_NF"; tag "cds_end_NF"; tag "mRNA_end_NF"; tag "mRNA_end_NF"; tag "cds_end_NF"; tag "cds_end_NF"; tag "mRNA_end_NF"; havana_gene "OTTHUMG00000162125"; havana_transcript "OTTHUMT00000367410";
chr17	HAVANA	CDS	7579312	7579590	.	-	0	gene_id "ENSG00000141510"; transcript_id "ENST00000508793"; gene_type "protein_coding"; gene_status "KNOWN"; gene_name "TP53"; transcript_type "protein_coding"; transcript_status "KNOWN"; transcript_name "TP53-014"; level 2; tag "mRNA_end_NF"; tag "cds_end_NF"; tag "cds_end_NF"; tag "mRNA_end_NF"; tag "mRNA_end_NF"; tag "cds_end_NF"; tag "cds_end_NF"; tag "mRNA_end_NF"; havana_gene "OTTHUMG00000162125"; havana_transcript "OTTHUMT00000367410";
chr17	HAVANA	exon	7578434	7578554	.	-	.	gene_id "ENSG00000141510"; transcript_id "ENST00000508793"; gene_type "protein_coding"; gene_status "KNOWN"; gene_name "TP53"; transcript_type "protein_coding"; transcript_status "KNOWN"; transcript_name "TP53-014"; level 2; tag "mRNA_end_NF"; tag "cds_end_NF"; tag "cds_end_NF"; tag "mRNA_end_NF"; tag "mRNA_end_NF"; tag "cds_end_NF"; tag "cds_end_NF"; tag "mRNA_end_NF"; havana_gene "OTTHUMG00000162125"; havana_transcript "OTTHUMT00000367410";
chr17	HAVANA	CDS	7578434	7578554	.	-	0	gene_id "ENSG00000141510"; transcript_id "ENST00000508793"; gene_type "protein_coding"; gene_status "KNOWN"; gene_name "TP53"; transcript_type "protein_coding"; transcript_status "KNOWN"; transcript_name "TP53-014"; level 2; tag "mRNA_end_NF"; tag "cds_end_NF"; tag "cds_end_NF"; tag "mRNA_end_NF"; tag "mRNA_end_NF"; tag "cds_end_NF"; tag "cds_end_NF"; tag "mRNA_end_NF"; havana_gene "OTTHUMG00000162125"; havana_transcript "OTTHUMT00000367410";
chr17	HAVANA	UTR	7580643	7580752	.	-	.	gene_id "ENSG00000141510"; transcript_id "ENST00000508793"; gene_type "protein_coding"; gene_status "KNOWN"; gene_name "TP53"; transcript_type "protein_coding"; transcript_status "KNOWN"; transcript_name "TP53-014"; level 2; tag "mRNA_end_NF"; tag "cds_end_NF"; tag "cds_end_NF"; tag "mRNA_end_NF"; tag "mRNA_end_NF"; tag "cds_end_NF"; tag "cds_end_NF"; tag "mRNA_end_NF"; havana_gene "OTTHUMG00000162125"; havana_transcript "OTTHUMT00000367410";
chr17	HAVANA	UTR	7579913	7579940	.	-	.	gene_id "ENSG00000141510"; transcript_id "ENST00000508793"; gene_type "protein_coding"; gene_status "KNOWN"; gene_name "TP53"; transcript_type "protein_coding"; transcript_status "KNOWN"; transcript_name "TP53-014"; level 2; tag "mRNA_end_NF"; tag "cds_end_NF"; tag "cds_end_NF"; tag "mRNA_end_NF"; tag "mRNA_end_NF"; tag "cds_end_NF"; tag "cds_end_NF"; tag "mRNA_end_NF"; havana_gene "OTTHUMG00000162125"; havana_transcript "OTTHUMT00000367410";
chr17	HAVANA	transcript	7578547	7590745	.	-	.	gene_id "ENSG00000141510"; transcript_id "ENST00000503591"; gene_type "protein_coding"; gene_status "KNOWN"; gene_name "TP53"; transcript_type "protein_coding"; transcript_status "KNOWN"; transcript_name "TP53-003"; level 2; tag "mRNA_end_NF"; tag "cds_end_NF"; tag "cds_end_NF"; tag "mRNA_end_NF"; tag "mRNA_end_NF"; tag "cds_end_NF"; tag "cds_end_NF"; tag "mRNA_end_NF"; havana_gene "OTTHUMG00000162125"; havana_transcript "OTTHUMT00000367399";
chr17	HAVANA	exon	7590695	7590745	.	-	.	gene_id "ENSG00000141510"; transcript_id "ENST00000503591"; gene_type "protein_coding"; gene_status "KNOWN"; gene_name "TP53"; transcript_type "protein_coding"; transcript_status "KNOWN"; transcript_name "TP53-003"; level 2; tag "mRNA_end_NF"; tag "cds_end_NF"; tag "cds_end_NF"; tag "mRNA_end_NF"; tag "mRNA_end_NF"; tag "cds_end_NF"; tag "cds_end_NF"; tag "mRNA_end_NF"; havana_gene "OTTHUMG00000162125"; havana_transcript "OTTHUMT00000367399";
chr17	HAVANA	exon	7580643	7580745	.	-	.	gene_id "ENSG00000141510"; transcript_id "ENST00000503591"; gene_type "protein_coding"; gene_status "KNOWN"; gene_name "TP53"; transcript_type "protein_coding"; transcript_status "KNOWN"; transcript_name "TP53-003"; level 2; tag "mRNA_end_NF"; tag "cds_end_NF"; tag "cds_end_NF"; tag "mRNA_end_NF"; tag "mRNA_end_NF"; tag "cds_end_NF"; tag "cds_end_NF"; tag "mRNA_end_NF"; havana_gene "OTTHUMG00000162125"; havana_transcript "OTTHUMT00000367399";
chr17	HAVANA	exon	7579839	7579940	.	-	.	gene_id "ENSG00000141510"; transcript_id "ENST00000503591"; gene_type "protein_coding"; gene_status "KNOWN"; gene_name "TP53"; transcript_type "protein_coding"; transcript_status "KNOWN"; transcript_name "TP53-003"; level 2; tag "mRNA_end_NF"; tag "cds_end_NF"; tag "cds_end_NF"; tag "mRNA_end_NF"; tag "mRNA_end_NF"; tag "cds_end_NF"; tag "cds_end_NF"; tag "mRNA_end_NF"; havana_gene "OTTHUMG00000162125"; havana_transcript "OTTHUMT00000367399";
chr17	HAVANA	CDS	7579839	7579912	.	-	0	gene_id "ENSG00000141510"; transcript_id "ENST00000503591"; gene_type "protein_coding"; gene_status "KNOWN"; gene_name "TP53"; transcript_type "protein_coding"; transcript_status "KNOWN"; transcript_name "TP53-003"; level 2; tag "mRNA_end_NF"; tag "cds_end_NF"; tag "cds_end_NF"; tag "mRNA_end_NF"; tag "mRNA_end_NF"; tag "cds_end_NF"; tag "cds_end_NF"; tag "mRNA_end_NF"; havana_gene "OTTHUMG00000162125"; havana_transcript "OTTHUMT00000367399";
chr17	HAVANA	start_codon	7579910	7579912	.	-	0	gene_id "ENSG00000141510"; transcript_id "ENST00000503591"; gene_type "protein_coding"; gene_status "KNOWN"; gene_name "TP53"; transcript_type "protein_coding"; transcript_status "KNOWN"; transcript_name "TP53-003"; level 2; tag "mRNA_end_NF"; tag "cds_end_NF"; tag "cds_end_NF"; tag "mRNA_end_NF"; tag "mRNA_end_NF"; tag "cds_end_NF"; tag "cds_end_NF"; tag "mRNA_end_NF"; havana_gene "OTTHUMG00000162125"; havana_transcript "OTTHUMT00000367399";
chr17	HAVANA	exon	7579700	7579721	.	-	.	gene_id "ENSG00000141510"; transcript_id "ENST00000503591"; gene_type "protein_coding"; gene_status "KNOWN"; gene_name "TP53"; transcript_type "protein_coding"; transcript_status "KNOWN"; transcript_name "TP53-003"; level 2; tag "mRNA_end_NF"; tag "cds_end_NF"; tag "cds_end_NF"; tag "mRNA_end_NF"; tag "mRNA_end_NF"; tag "cds_end_NF"; tag "cds_end_NF"; tag "mRNA_end_NF"; havana_gene "OTTHUMG00000162125"; havana_transcript "OTTHUMT00000367399";
chr17	HAVANA	CDS	7579700	7579721	.	-	1	gene_id "ENSG00000141510"; transcript_id "ENST00000503591"; gene_type "protein_coding"; gene_status "KNOWN"; gene_name "TP53"; transcript_type "protein_coding"; transcript_status "KNOWN"; transcript_name "TP53-003"; level 2; tag "mRNA_end_NF"; tag "cds_end_NF"; tag "cds_end_NF"; tag "mRNA_end_NF"; tag "mRNA_end_NF"; tag "cds_end_NF"; tag "cds_end_NF"; tag "mRNA_end_NF"; havana_gene "OTTHUMG00000162125"; havana_transcript "OTTHUMT00000367399";
chr17	HAVANA	exon	7579312	7579590	.	-	.	gene_id "ENSG00000141510"; transcript_id "ENST00000503591"; gene_type "protein_coding"; gene_status "KNOWN"; gene_name "TP53"; transcript_type "protein_coding"; transcript_status "KNOWN"; transcript_name "TP53-003"; level 2; tag "mRNA_end_NF"; tag "cds_end_NF"; tag "cds_end_NF"; tag "mRNA_end_NF"; tag "mRNA_end_NF"; tag "cds_end_NF"; tag "cds_end_NF"; tag "mRNA_end_NF"; havana_gene "OTTHUMG00000162125"; havana_transcript "OTTHUMT00000367399";
chr17	HAVANA	CDS	7579312	7579590	.	-	0	gene_id "ENSG00000141510"; transcript_id "ENST00000503591"; gene_type "protein_coding"; gene_status "KNOWN"; gene_name "TP53"; transcript_type "protein_coding"; transcript_status "KNOWN"; transcript_name "TP53-003"; level 2; tag "mRNA_end_NF"; tag "cds_end_NF"; tag "cds_end_NF"; tag "mRNA_end_NF"; tag "mRNA_end_NF"; tag "cds_end_NF"; tag "cds_end_NF"; tag "mRNA_end_NF"; havana_gene "OTTHUMG00000162125"; havana_transcript "OTTHUMT00000367399";
chr17	HAVANA	exon	7578547	7578554	.	-	.	gene_id "ENSG00000141510"; transcript_id "ENST00000503591"; gene_type "protein_coding"; gene_status "KNOWN"; gene_name "TP53"; transcript_type "protein_coding"; transcript_status "KNOWN"; transcript_name "TP53-003"; level 2; tag "mRNA_end_NF"; tag "cds_end_NF"; tag "cds_end_NF"; tag "mRNA_end_NF"; tag "mRNA_end_NF"; tag "cds_end_NF"; tag "cds_end_NF"; tag "mRNA_end_NF"; havana_gene "OTTHUMG00000162125"; havana_transcript "OTTHUMT00000367399";
chr17	HAVANA	CDS	7578547	7578554	.	-	0	gene_id "ENSG00000141510"; transcript_id "ENST00000503591"; gene_type "protein_coding"; gene_status "KNOWN"; gene_name "TP53"; transcript_type "protein_coding"; transcript_status "KNOWN"; transcript_name "TP53-003"; level 2; tag "mRNA_end_NF"; tag "cds_end_NF"; tag "cds_end_NF"; tag "mRNA_end_NF"; tag "mRNA_end_NF"; tag "cds_end_NF"; tag "cds_end_NF"; tag "mRNA_end_NF"; havana_gene "OTTHUMG00000162125"; havana_transcript "OTTHUMT00000367399";
chr17	HAVANA	UTR	7590695	7590745	.	-	.	gene_id "ENSG00000141510"; transcript_id "ENST00000503591"; gene_type "protein_coding"; gene_status "KNOWN"; gene_name "TP53"; transcript_type "protein_coding"; transcript_status "KNOWN"; transcript_name "TP53-003"; level 2; tag "mRNA_end_NF"; tag "cds_end_NF"; tag "cds_end_NF"; tag "mRNA_end_NF"; tag "mRNA_end_NF"; tag "cds_end_NF"; tag "cds_end_NF"; tag "mRNA_end_NF"; havana_gene "OTTHUMG00000162125"; havana_transcript "OTTHUMT00000367399";
chr17	HAVANA	UTR	7580643	7580745	.	-	.	gene_id "ENSG00000141510"; transcript_id "ENST00000503591"; gene_type "protein_coding"; gene_status "KNOWN"; gene_name "TP53"; transcript_type "protein_coding"; transcript_status "KNOWN"; transcript_name "TP53-003"; level 2; tag "mRNA_end_NF"; tag "cds_end_NF"; tag "cds_end_NF"; tag "mRNA_end_NF"; tag "mRNA_end_NF"; tag "cds_end_NF"; tag "cds_end_NF"; tag "mRNA_end_NF"; havana_gene "OTTHUMG00000162125"; havana_transcript "OTTHUMT00000367399";
chr17	HAVANA	UTR	7579913	7579940	.	-	.	gene_id "ENSG00000141510"; transcript_id "ENST00000503591"; gene_type "protein_coding"; gene_status "KNOWN"; gene_name "TP53"; transcript_type "protein_coding"; transcript_status "KNOWN"; transcript_name "TP53-003"; level 2; tag "mRNA_end_NF"; tag "cds_end_NF"; tag "cds_end_NF"; tag "mRNA_end_NF"; tag "mRNA_end_NF"; tag "cds_end_NF"; tag "cds_end_NF"; tag "mRNA_end_NF"; havana_gene "OTTHUMG00000162125"; havana_transcript "OTTHUMT00000367399";
